1461,basketball hoop,1
1462,soccer net,0
1463,baseball net,1
1464,pool,0
1465,hot tub,1
1466,sauna,0
1467,,1
1468,,1
1469,,1
1470,,1
1471,,0
1472,,0
1473,,1
1474,,1
1475,,1
1476,,0
1477,,0
1478,sauna,0
1479,basketball hoop,0
1480,soccer net,0
1481,baseball net,1
1482,pool,0
1483,hot tub,0
1484,sauna,1
1485,basketball hoop,0
1486,soccer net,1
1487,baseball net,1
1488,pool,0
1489,hot tub,0
1490,sauna,0
1491,basketball hoop,0
1492,soccer net,0
1493,baseball net,1
1494,pool,1
1495,hot tub,1
1496,sauna,1
1497,basketball hoop,0
1498,soccer net,1
1499,baseball net,0
1500,pool,1
1501,hot tub,1
1502,sauna,1
1503,basketball hoop,0
1504,soccer net,0
1505,baseball net,1
1506,pool,0
1507,hot tub,0
1508,sauna,1
1509,basketball hoop,0
1510,soccer net,1
1511,baseball net,0
1512,pool,0
1513,hot tub,0
1514,sauna,0
1515,basketball hoop,0
1516,soccer net,0
1517,baseball net,1
1518,pool,1
1519,hot tub,1
1520,sauna,0
1521,basketball hoop,0
1522,soccer net,0
1523,baseball net,0
1524,pool,0
1525,hot tub,1
1526,sauna,0
1527,basketball hoop,1
1528,soccer net,0
1529,baseball net,1
1530,pool,1
1531,hot tub,1
1533,sauna,0
1786,basketball hoop,1
1534,soccer net,0
1535,baseball net,1
1536,pool,1
1537,hot tub,0
1902,sauna,0
2127,basketball hoop,1
1540,soccer net,0
1541,baseball net,0
1542,pool,1
1543,hot tub,0
1544,sauna,0
1545,basketball hoop,1
1546,soccer net,0
1547,baseball net,0
1548,pool,0
1549,hot tub,1
1550,sauna,1
1551,basketball hoop,1
2774,soccer net,0
2472,baseball net,1
2760,pool,1
1555,hot tub,0
1556,sauna,1
1557,basketball hoop,0
1558,soccer net,1
1559,baseball net,0
1560,pool,1
1561,hot tub,0
1562,sauna,1
1563,basketball hoop,1
1564,soccer net,0
1565,baseball net,0
1566,pool,0
1567,hot tub,0
1568,sauna,1
1569,basketball hoop,1
1570,soccer net,0
1571,baseball net,0
1572,pool,0
1573,hot tub,0
1574,sauna,0
1575,basketball hoop,0
1576,soccer net,0
1577,baseball net,0
1578,pool,0
1579,hot tub,1
1580,sauna,1
1581,basketball hoop,0
1582,soccer net,0
1583,baseball net,1
1584,pool,0
1585,hot tub,1
1586,sauna,0
1587,basketball hoop,0
1588,soccer net,1
1589,baseball net,0
1590,pool,0
1591,hot tub,1
1592,sauna,1
1593,basketball hoop,0
1594,soccer net,1
1595,baseball net,1
1596,pool,0
1597,hot tub,1
1598,sauna,1
1599,basketball hoop,1
1600,soccer net,1
1601,baseball net,0
1602,pool,0
1603,hot tub,1
1604,sauna,1
1605,basketball hoop,1
1606,soccer net,0
1607,baseball net,1
1608,pool,0
1609,hot tub,1
1610,sauna,0
1611,basketball hoop,0
1612,soccer net,0
1613,baseball net,1
1614,pool,0
1615,hot tub,1
1616,sauna,1
1617,basketball hoop,0
1618,soccer net,0
1619,baseball net,1
1620,pool,0
1621,hot tub,0
1622,sauna,1
1623,basketball hoop,1
1624,soccer net,0
1625,baseball net,0
1626,pool,0
1627,hot tub,1
1628,sauna,1
1629,basketball hoop,1
1630,soccer net,1
1631,baseball net,0
1632,pool,1
1633,hot tub,0
1634,sauna,0
1635,basketball hoop,0
1636,soccer net,0
1637,baseball net,0
1638,pool,1
1639,hot tub,1
1640,sauna,0
1641,basketball hoop,1
1642,soccer net,0
1643,baseball net,0
1644,pool,1
1645,hot tub,0
1646,sauna,1
1647,basketball hoop,0
1648,soccer net,0
1649,baseball net,0
1650,pool,0
1651,hot tub,0
1652,sauna,1
1653,basketball hoop,1
1654,soccer net,0
1655,baseball net,0
1656,pool,1
1657,hot tub,0
1658,sauna,1
1659,basketball hoop,0
1660,soccer net,0
1661,baseball net,0
1662,pool,0
1663,hot tub,1
1664,sauna,1
1665,basketball hoop,0
1666,soccer net,0
1667,baseball net,0
1668,pool,0
1669,hot tub,0
1670,sauna,0
1671,basketball hoop,0
1672,soccer net,1
1673,baseball net,0
1674,pool,1
1675,hot tub,0
1676,sauna,1
1677,basketball hoop,0
1678,soccer net,1
1679,baseball net,0
1680,pool,0
1681,hot tub,1
1682,sauna,0
1683,basketball hoop,1
1684,soccer net,1
1685,baseball net,0
1686,pool,1
1687,hot tub,0
1688,sauna,0
1689,basketball hoop,0
1690,soccer net,0
1691,baseball net,1
1692,pool,1
1693,hot tub,0
1694,sauna,0
1695,basketball hoop,0
1696,soccer net,1
1697,baseball net,0
1698,pool,1
1699,hot tub,1
1700,sauna,1
1701,basketball hoop,0
1702,soccer net,1
1703,baseball net,1
1704,pool,1
1705,hot tub,1
1706,sauna,0
1707,basketball hoop,1
1708,soccer net,1
1709,baseball net,0
1710,pool,1
1711,hot tub,0
1712,sauna,0
1713,basketball hoop,0
1714,soccer net,0
1715,baseball net,1
1716,pool,0
1717,hot tub,0
1718,sauna,1
1719,basketball hoop,1
1720,soccer net,0
1721,baseball net,0
1722,pool,1
1723,hot tub,0
1724,sauna,1
1725,basketball hoop,0
1726,soccer net,1
1727,baseball net,0
1728,pool,0
1729,hot tub,0
1730,sauna,0
1731,basketball hoop,0
1732,soccer net,0
1733,baseball net,0
1734,pool,1
1735,hot tub,0
1736,sauna,1
1737,basketball hoop,1
1738,soccer net,0
1739,baseball net,0
1740,pool,0
1741,hot tub,0
1742,sauna,1
1743,basketball hoop,0
1744,soccer net,0
1745,baseball net,1
1746,pool,1
1747,hot tub,0
1748,sauna,0
1749,basketball hoop,0
1750,soccer net,0
1751,baseball net,1
1752,pool,1
1753,hot tub,0
1754,sauna,0
1755,basketball hoop,0
1756,soccer net,0
1757,baseball net,1
1758,pool,0
1759,hot tub,1
1760,sauna,1
1761,basketball hoop,0
1762,soccer net,0
1763,baseball net,0
1764,pool,1
1765,hot tub,0
1766,sauna,1
1767,basketball hoop,1
1768,soccer net,0
1769,baseball net,0
1770,pool,1
1771,hot tub,0
1772,sauna,1
1773,basketball hoop,0
1774,soccer net,1
1775,baseball net,1
1776,pool,0
1777,hot tub,1
1778,sauna,0
1779,basketball hoop,1
1780,soccer net,1
1781,baseball net,0
1782,pool,1
1783,hot tub,0
1784,sauna,0
1785,basketball hoop,1
1830,soccer net,0
1787,baseball net,0
1788,pool,1
1832,hot tub,1
2780,sauna,1
1791,basketball hoop,0
1792,soccer net,1
1793,baseball net,0
1794,pool,0
1795,hot tub,1
1796,sauna,0
1797,basketball hoop,0
1798,soccer net,0
1799,baseball net,1
1800,pool,1
1801,hot tub,1
1802,sauna,0
1803,basketball hoop,0
1804,soccer net,0
1805,baseball net,0
2471,pool,0
2104,hot tub,0
1808,sauna,0
1809,basketball hoop,0
1807,soccer net,0
1811,baseball net,0
2469,pool,0
1813,hot tub,1
1814,sauna,0
1815,basketball hoop,1
1816,soccer net,0
1817,baseball net,0
1818,pool,0
2442,hot tub,0
1820,sauna,1
1821,basketball hoop,0
2791,soccer net,1
1823,baseball net,0
1824,pool,0
1825,hot tub,1
1826,sauna,1
1827,basketball hoop,0
1828,soccer net,1
1829,baseball net,1
2204,pool,0
2779,hot tub,1
1532,sauna,1
1833,basketball hoop,0
1834,soccer net,1
1835,baseball net,0
1836,pool,0
1538,hot tub,0
2450,sauna,0
1839,basketball hoop,0
1840,soccer net,0
1841,baseball net,1
1842,pool,1
1843,hot tub,1
1844,sauna,1
1845,basketball hoop,1
1846,soccer net,0
1847,baseball net,0
1848,pool,0
1849,hot tub,0
1850,sauna,1
1851,basketball hoop,1
1852,soccer net,0
1853,baseball net,0
1854,pool,0
1855,hot tub,0
1856,sauna,1
1857,basketball hoop,0
1858,soccer net,1
1859,baseball net,0
1860,pool,1
1861,hot tub,1
1862,sauna,1
1863,basketball hoop,0
1864,soccer net,1
1865,baseball net,1
1866,pool,0
1867,hot tub,0
1868,sauna,1
1869,basketball hoop,0
1870,soccer net,0
1871,baseball net,1
1872,pool,0
1873,hot tub,0
1874,sauna,0
1875,basketball hoop,1
1876,soccer net,1
1877,baseball net,0
1878,pool,0
1879,hot tub,0
1880,sauna,0
1881,basketball hoop,0
1882,soccer net,1
1883,baseball net,0
1884,pool,0
1885,hot tub,1
1886,sauna,1
1887,basketball hoop,0
1888,soccer net,0
1889,baseball net,0
1890,pool,0
1891,hot tub,1
1892,,0
1893,,0
1894,,1
1895,,0
1806,,0
1897,,0
1898,,0
1899,,1
1900,,0
1901,,0
2072,,0
1903,,0
1904,,0
1905,,0
1906,,1
1907,,1
1908,,0
1909,,1
1910,,1
1911,,1
1912,,1
1913,,0
1552,,0
1915,,0
1916,,0
1917,,0
1918,,1
1919,,1
1920,,0
1921,,1
1922,,0
1923,,0
1924,,0
1925,,0
1926,,1
1927,,1
1928,,1
1929,,0
1930,,1
1931,,1
1932,,0
1933,,0
1934,,0
1935,,1
1936,,0
1937,,1
1938,,0
1939,,1
1940,,1
1941,,0
1942,,0
1943,,0
1944,,1
1945,,1
1946,,0
1947,,1
1948,,1
1949,,1
1950,,0
1951,,0
1952,,0
1953,,0
1954,,0
1955,,1
1956,,0
1957,,0
1958,,1
1959,,1
1960,,0
1961,,1
1962,,1
1963,hot tub,0
1964,sauna,1
1965,basketball hoop,1
1966,soccer net,0
1967,baseball net,0
1968,pool,0
1969,hot tub,0
1970,sauna,0
1971,basketball hoop,0
1972,soccer net,0
1973,baseball net,1
1974,pool,0
1975,hot tub,0
1976,sauna,1
1977,basketball hoop,0
1978,soccer net,1
1979,baseball net,1
1980,pool,1
1981,hot tub,1
1982,sauna,1
1983,basketball hoop,0
1984,soccer net,0
1985,baseball net,0
1986,pool,0
1987,hot tub,0
1988,sauna,1
1989,basketball hoop,0
1990,soccer net,0
1991,baseball net,1
1992,pool,1
1993,hot tub,1
1994,sauna,1
1995,basketball hoop,0
1996,soccer net,1
1997,baseball net,1
1998,pool,0
1999,hot tub,1
2000,sauna,0
2001,basketball hoop,1
2002,soccer net,0
2003,baseball net,0
2004,pool,1
2005,hot tub,0
2006,sauna,0
2007,basketball hoop,0
2008,soccer net,1
2009,baseball net,0
2010,pool,0
2011,hot tub,1
2012,sauna,1
2013,basketball hoop,0
2014,soccer net,1
2015,baseball net,1
2016,pool,0
2017,hot tub,0
2018,,1
2019,,1
2020,,1
2021,,0
2022,,0
2023,,0
2024,,0
2025,,0
2026,,0
2027,,0
2028,,0
2029,,0
2030,,1
2031,,1
2032,,1
2033,,0
2034,,0
2035,,1
2036,,1
2037,basketball hoop,1
2038,soccer net,0
2039,baseball net,0
2040,pool,1
2041,hot tub,1
2042,sauna,1
2043,basketball hoop,1
2044,soccer net,1
2045,baseball net,1
2046,pool,0
2047,hot tub,0
2048,sauna,0
2049,basketball hoop,1
2050,soccer net,0
2051,baseball net,0
2052,pool,1
2053,hot tub,0
2054,sauna,0
2055,basketball hoop,1
2056,soccer net,0
2057,baseball net,0
2058,pool,1
2059,hot tub,0
2060,sauna,0
2061,basketball hoop,1
2062,soccer net,1
2063,baseball net,1
2064,pool,0
2065,hot tub,1
2066,sauna,0
2067,basketball hoop,1
2068,soccer net,1
2069,baseball net,0
2070,pool,0
2071,hot tub,1
2095,sauna,0
2073,basketball hoop,1
2074,soccer net,1
2075,baseball net,1
2076,pool,1
2077,hot tub,1
2078,sauna,0
2079,basketball hoop,0
2080,soccer net,0
2081,baseball net,0
2082,pool,0
2083,hot tub,0
2084,sauna,1
2085,basketball hoop,0
2205,soccer net,0
2132,baseball net,1
2871,pool,0
2089,hot tub,1
2090,sauna,0
1837,basketball hoop,0
2092,soccer net,1
2093,baseball net,1
2094,pool,1
2440,hot tub,1
2096,sauna,1
2091,basketball hoop,0
2098,soccer net,1
2099,baseball net,0
2100,pool,0
2101,hot tub,0
2102,sauna,0
2452,basketball hoop,1
2473,soccer net,0
1812,baseball net,1
2106,pool,1
2107,hot tub,1
2108,sauna,0
2109,basketball hoop,1
2110,soccer net,0
2111,baseball net,1
2112,pool,0
2113,hot tub,0
2114,sauna,0
2115,basketball hoop,0
2116,soccer net,0
2117,baseball net,1
2118,pool,0
2119,hot tub,0
2120,sauna,0
2122,basketball hoop,1
2123,soccer net,1
2124,baseball net,0
2125,pool,0
2126,hot tub,0
1553,sauna,0
2128,basketball hoop,0
2129,soccer net,1
2130,baseball net,0
2131,pool,0
2087,hot tub,0
2133,sauna,0
2134,basketball hoop,0
2135,soccer net,1
2776,baseball net,1
2137,pool,0
2138,hot tub,0
2139,sauna,0
2140,basketball hoop,0
2141,soccer net,0
2142,baseball net,1
2143,pool,1
2144,hot tub,1
2145,sauna,0
2146,basketball hoop,0
2147,soccer net,0
2148,baseball net,1
2149,pool,0
2150,hot tub,0
2151,sauna,0
2152,basketball hoop,1
2153,soccer net,1
2154,baseball net,0
2155,pool,0
2156,hot tub,1
2157,sauna,0
2158,basketball hoop,0
2159,soccer net,0
2160,baseball net,1
2161,pool,0
2162,hot tub,0
2163,sauna,0
2164,basketball hoop,1
2165,soccer net,0
2166,baseball net,1
2167,pool,1
2168,hot tub,1
2169,sauna,1
2170,basketball hoop,0
2171,soccer net,0
2172,baseball net,0
2173,pool,0
2174,hot tub,1
2175,sauna,1
2176,basketball hoop,1
2177,soccer net,0
2178,baseball net,0
2179,pool,0
2180,hot tub,0
2181,sauna,0
2182,basketball hoop,0
2183,soccer net,1
2184,baseball net,1
2185,pool,0
2186,hot tub,0
2187,sauna,1
2188,basketball hoop,0
2189,soccer net,1
2190,baseball net,0
2191,pool,1
2192,hot tub,1
2193,sauna,0
2194,basketball hoop,0
2195,soccer net,1
2196,baseball net,0
2197,pool,0
2198,hot tub,0
2199,sauna,1
2200,basketball hoop,0
2201,soccer net,0
2202,baseball net,1
2203,pool,1
2474,hot tub,0
1822,sauna,1
2206,basketball hoop,0
2207,soccer net,1
2208,baseball net,0
2209,pool,0
2210,hot tub,0
2211,sauna,0
2212,basketball hoop,0
2213,soccer net,1
2214,baseball net,1
2215,pool,1
2216,hot tub,0
2217,sauna,1
2218,basketball hoop,1
2219,soccer net,0
2220,baseball net,0
2221,pool,1
2222,hot tub,0
2223,sauna,1
2224,basketball hoop,1
2225,soccer net,1
2226,baseball net,0
2227,pool,0
2228,hot tub,1
2229,sauna,1
2230,basketball hoop,1
2231,soccer net,0
2232,baseball net,1
2233,pool,0
2234,hot tub,1
2235,sauna,0
2236,basketball hoop,0
2237,soccer net,0
2238,baseball net,1
2239,pool,1
2240,hot tub,1
2241,sauna,0
2242,basketball hoop,1
2243,soccer net,0
2244,baseball net,0
2245,pool,1
2246,hot tub,1
2247,sauna,0
2248,basketball hoop,1
2249,soccer net,1
2250,baseball net,1
2251,pool,1
2252,hot tub,1
2253,sauna,1
2254,basketball hoop,0
2255,soccer net,0
2256,baseball net,1
2257,pool,0
2258,hot tub,0
2259,sauna,0
2260,basketball hoop,1
2261,soccer net,1
2262,baseball net,1
2263,pool,0
2264,hot tub,0
2265,sauna,1
2266,basketball hoop,0
2267,soccer net,1
2268,baseball net,1
2269,pool,0
2270,hot tub,0
2271,sauna,0
2272,basketball hoop,0
2273,soccer net,1
2274,baseball net,0
2275,pool,1
2276,hot tub,1
2277,sauna,1
2278,basketball hoop,0
2279,soccer net,0
2280,baseball net,0
2281,pool,1
2282,hot tub,0
2283,sauna,0
2284,basketball hoop,1
2285,soccer net,0
2286,baseball net,1
2287,pool,1
2288,hot tub,1
2289,sauna,0
2290,basketball hoop,0
2291,soccer net,1
2292,baseball net,0
2293,pool,1
2294,hot tub,0
2295,sauna,0
2296,basketball hoop,0
2297,soccer net,0
2298,baseball net,1
2299,pool,0
2300,hot tub,1
2301,sauna,0
2302,basketball hoop,0
2303,soccer net,1
2304,baseball net,1
2305,pool,0
2306,hot tub,0
2307,sauna,1
2308,basketball hoop,0
2309,soccer net,0
2310,baseball net,1
2311,pool,0
2312,hot tub,1
2313,sauna,1
2314,basketball hoop,1
2315,soccer net,0
2316,baseball net,1
2317,pool,1
2318,hot tub,0
2319,sauna,1
2320,basketball hoop,1
2321,soccer net,0
2322,baseball net,1
2323,pool,0
2324,hot tub,1
2325,sauna,0
2326,basketball hoop,0
2327,soccer net,0
2328,baseball net,0
2329,pool,1
2330,hot tub,1
2331,sauna,0
2332,basketball hoop,1
2333,soccer net,0
2334,baseball net,0
2335,pool,1
2336,hot tub,0
2337,sauna,0
2338,basketball hoop,0
2339,soccer net,0
2340,baseball net,0
2341,pool,0
2342,hot tub,0
2343,sauna,0
2344,basketball hoop,0
2345,soccer net,0
2346,baseball net,0
2347,pool,0
2348,hot tub,1
2349,sauna,1
2350,basketball hoop,0
2351,soccer net,0
2352,baseball net,0
2353,pool,0
2354,hot tub,1
2355,sauna,0
2356,basketball hoop,1
2357,soccer net,0
2358,baseball net,1
2359,pool,1
2360,hot tub,0
2361,sauna,1
2362,basketball hoop,0
2363,soccer net,0
2364,baseball net,1
2365,pool,0
2366,hot tub,1
2367,sauna,0
2368,basketball hoop,1
2369,soccer net,0
2370,baseball net,1
2371,pool,1
2372,hot tub,1
2373,sauna,0
2374,basketball hoop,0
2375,soccer net,0
2376,baseball net,0
2377,pool,1
2378,hot tub,0
2379,sauna,1
2380,basketball hoop,1
2381,soccer net,0
2382,baseball net,1
2383,pool,1
2384,hot tub,0
2385,sauna,1
2386,basketball hoop,0
2387,soccer net,1
2388,baseball net,1
2389,pool,1
2390,hot tub,0
2391,sauna,0
2392,basketball hoop,0
2393,soccer net,0
2394,baseball net,1
2395,pool,1
2396,hot tub,0
2397,sauna,1
2398,basketball hoop,0
2399,soccer net,0
2400,baseball net,1
2401,pool,1
2402,hot tub,1
2403,sauna,0
2404,basketball hoop,0
2405,soccer net,1
2406,baseball net,0
2407,pool,0
2408,hot tub,0
2409,sauna,0
2410,basketball hoop,0
2411,soccer net,1
2412,baseball net,0
2413,pool,0
2414,hot tub,0
2415,sauna,1
2416,basketball hoop,1
2417,soccer net,1
2418,baseball net,1
2419,pool,0
2420,hot tub,1
2421,sauna,1
2422,basketball hoop,0
2423,soccer net,0
2424,baseball net,0
2425,pool,1
2426,hot tub,1
2783,sauna,0
2428,basketball hoop,0
2429,soccer net,1
2430,baseball net,0
2431,pool,1
2432,hot tub,0
2433,sauna,1
2434,basketball hoop,0
2435,soccer net,0
2436,baseball net,0
2437,pool,0
2438,hot tub,0
2439,sauna,0
2427,basketball hoop,1
2441,soccer net,0
1789,baseball net,1
2443,pool,1
2444,hot tub,0
2445,sauna,1
2446,basketball hoop,0
2447,soccer net,0
2448,baseball net,0
1896,pool,1
2773,hot tub,0
2757,sauna,1
2756,basketball hoop,1
2453,soccer net,1
2454,baseball net,0
2455,pool,0
2456,hot tub,0
2457,sauna,0
2458,basketball hoop,1
2459,soccer net,1
2460,baseball net,0
2461,pool,0
2462,hot tub,1
2463,sauna,1
2464,basketball hoop,1
2465,soccer net,1
2466,baseball net,0
2467,pool,0
2777,hot tub,0
1838,sauna,0
2470,basketball hoop,1
1810,soccer net,0
2451,baseball net,0
2097,pool,0
2088,hot tub,0
2475,sauna,0
2476,basketball hoop,1
2477,soccer net,0
2478,baseball net,0
2479,pool,0
2480,hot tub,0
2481,sauna,0
2482,basketball hoop,0
2483,soccer net,0
2484,baseball net,0
2485,pool,0
2486,hot tub,0
2487,sauna,1
2488,basketball hoop,0
2489,soccer net,1
2490,baseball net,0
2491,pool,1
2492,hot tub,1
2493,sauna,1
2494,basketball hoop,0
2495,soccer net,1
2496,baseball net,0
2497,pool,1
2498,hot tub,0
2499,sauna,1
2500,basketball hoop,0
2501,soccer net,1
2502,baseball net,0
2503,pool,0
2504,hot tub,1
2505,sauna,0
2506,basketball hoop,0
2507,soccer net,0
2508,baseball net,1
2509,pool,1
2510,hot tub,0
2511,sauna,1
2512,basketball hoop,0
2513,soccer net,0
2514,baseball net,1
2515,pool,1
2516,hot tub,1
2517,sauna,0
2518,basketball hoop,0
2519,soccer net,0
2520,baseball net,0
2521,pool,0
2522,hot tub,1
2523,sauna,1
2524,basketball hoop,0
2525,soccer net,1
2526,baseball net,1
2527,pool,1
2528,hot tub,0
2529,sauna,1
2530,basketball hoop,1
2531,soccer net,1
2532,baseball net,1
2533,pool,1
2534,hot tub,1
2535,sauna,0
2536,basketball hoop,0
2537,soccer net,0
2538,baseball net,0
2539,pool,0
2540,hot tub,1
2541,sauna,1
2542,basketball hoop,0
2543,soccer net,0
2544,baseball net,0
2545,pool,1
2546,hot tub,0
2547,sauna,1
2548,basketball hoop,0
2549,soccer net,0
2550,baseball net,1
2551,pool,0
2552,hot tub,1
2553,sauna,0
2554,basketball hoop,1
2555,soccer net,0
2556,baseball net,1
2557,pool,0
2558,hot tub,0
2559,sauna,0
2560,basketball hoop,1
2561,soccer net,1
2562,baseball net,1
2563,pool,0
2564,hot tub,0
2565,sauna,1
2566,basketball hoop,0
2567,soccer net,1
2568,baseball net,1
2569,pool,0
2570,hot tub,1
2571,sauna,1
2572,basketball hoop,0
2573,soccer net,0
2574,baseball net,1
2575,pool,0
2576,hot tub,0
2577,sauna,1
2578,basketball hoop,0
2579,soccer net,0
2580,baseball net,1
2581,pool,0
2582,hot tub,0
2583,sauna,0
2584,basketball hoop,0
2585,soccer net,0
2586,baseball net,1
2587,pool,1
2588,hot tub,0
2589,sauna,0
2590,basketball hoop,1
2591,soccer net,1
2592,baseball net,0
2593,pool,1
2594,hot tub,0
2595,sauna,0
2596,basketball hoop,1
2597,soccer net,0
2598,baseball net,1
2599,pool,0
2600,hot tub,0
2601,sauna,1
2602,basketball hoop,0
2603,soccer net,1
2604,baseball net,1
2605,pool,1
2606,hot tub,0
2607,sauna,0
2608,basketball hoop,1
2609,soccer net,1
2610,baseball net,1
2611,pool,1
2612,hot tub,1
2613,sauna,1
2614,basketball hoop,0
2615,soccer net,1
2616,baseball net,1
2617,pool,1
2618,hot tub,1
2619,sauna,0
2620,basketball hoop,0
2621,soccer net,1
2622,baseball net,1
2623,pool,1
2624,hot tub,0
2625,sauna,1
2626,basketball hoop,0
2627,soccer net,0
2628,baseball net,0
2629,pool,0
2630,hot tub,1
2631,sauna,1
2632,basketball hoop,1
2633,soccer net,1
2634,baseball net,0
2635,pool,0
2636,hot tub,0
2637,sauna,0
2638,basketball hoop,0
2639,soccer net,0
2640,baseball net,0
2641,pool,0
2642,hot tub,0
2643,sauna,0
2644,basketball hoop,1
2645,soccer net,1
2646,baseball net,1
2647,pool,1
2648,hot tub,0
2649,sauna,0
2650,basketball hoop,1
2651,soccer net,0
2652,baseball net,0
2653,pool,0
2654,hot tub,0
2655,sauna,1
2656,basketball hoop,1
2657,soccer net,0
2658,baseball net,0
2659,pool,0
2660,hot tub,1
2661,sauna,1
2662,basketball hoop,1
2663,soccer net,0
2664,baseball net,1
2665,pool,0
2666,hot tub,1
2667,sauna,1
2668,basketball hoop,1
2669,soccer net,1
2670,baseball net,1
2671,pool,0
2672,hot tub,1
2673,sauna,1
2674,basketball hoop,1
2675,soccer net,0
2676,baseball net,0
2677,pool,1
2678,hot tub,1
2679,sauna,0
2680,basketball hoop,0
2681,soccer net,0
2682,baseball net,0
2683,pool,0
2684,hot tub,0
2685,sauna,1
2686,basketball hoop,1
2687,soccer net,0
2688,baseball net,0
2689,pool,1
2690,hot tub,0
2691,sauna,0
2692,basketball hoop,0
2693,soccer net,0
2694,baseball net,0
2695,pool,1
2696,hot tub,1
2697,sauna,0
2698,basketball hoop,0
2699,soccer net,0
2700,baseball net,0
2701,pool,0
2702,hot tub,0
2703,sauna,0
2704,basketball hoop,0
2705,soccer net,0
2706,baseball net,1
2707,pool,1
2708,hot tub,1
2709,sauna,1
2710,basketball hoop,1
2711,soccer net,1
2712,baseball net,1
2713,pool,1
2714,hot tub,0
2715,sauna,1
2716,basketball hoop,0
2717,soccer net,1
2718,baseball net,1
2719,pool,1
2720,hot tub,1
2721,sauna,0
2722,basketball hoop,1
2723,soccer net,0
2724,baseball net,0
2725,pool,1
2726,hot tub,1
2727,sauna,1
2728,basketball hoop,0
2729,soccer net,0
2730,baseball net,0
2731,pool,0
2732,hot tub,1
2733,sauna,0
2734,basketball hoop,0
2735,soccer net,1
2736,baseball net,0
2737,pool,1
2738,hot tub,0
2739,sauna,0
2740,basketball hoop,1
2741,soccer net,0
2742,baseball net,0
2743,pool,0
2744,hot tub,0
2745,sauna,0
2746,basketball hoop,0
2747,soccer net,1
2748,baseball net,1
2749,pool,1
2750,hot tub,0
2751,sauna,0
2752,basketball hoop,0
2753,soccer net,1
2754,baseball net,1
2755,pool,0
1831,hot tub,0
2759,sauna,0
2758,basketball hoop,1
1554,soccer net,0
1790,baseball net,0
2761,pool,0
2762,hot tub,0
2763,sauna,0
2764,basketball hoop,0
2765,soccer net,1
2766,baseball net,1
2767,pool,0
2768,hot tub,0
2769,sauna,0
2770,basketball hoop,0
2771,soccer net,0
2772,baseball net,0
1819,pool,1
2449,hot tub,0
2775,sauna,0
2798,basketball hoop,0
2468,soccer net,0
2782,baseball net,0
1914,pool,0
2105,hot tub,1
2781,sauna,0
2136,basketball hoop,1
2778,soccer net,1
2784,baseball net,0
2785,pool,0
2786,hot tub,0
2787,sauna,0
2788,basketball hoop,0
2789,soccer net,0
2790,baseball net,1
2872,pool,0
2792,hot tub,0
2793,sauna,0
2794,basketball hoop,0
2795,soccer net,0
2796,baseball net,1
2797,pool,0
1539,hot tub,1
2799,sauna,0
2800,basketball hoop,0
2801,soccer net,0
2802,baseball net,1
2803,pool,0
2804,hot tub,1
2805,sauna,0
2806,basketball hoop,0
2807,soccer net,1
2808,baseball net,1
2809,pool,0
2810,hot tub,0
2811,sauna,0
2812,basketball hoop,0
2813,soccer net,0
2814,baseball net,1
2815,pool,1
2816,hot tub,0
2817,sauna,1
2818,basketball hoop,0
2819,soccer net,1
2820,baseball net,1
2821,pool,0
2822,hot tub,0
2823,sauna,0
2824,basketball hoop,0
2825,soccer net,1
2826,baseball net,1
2827,pool,1
2828,hot tub,0
2829,sauna,0
2830,basketball hoop,1
2831,soccer net,0
2832,baseball net,1
2833,pool,0
2834,hot tub,0
2835,sauna,0
2836,basketball hoop,0
2837,soccer net,1
2838,baseball net,0
2839,pool,0
2840,hot tub,1
2841,sauna,0
2842,basketball hoop,0
2843,soccer net,1
2844,baseball net,0
2845,pool,0
2846,hot tub,1
2847,sauna,1
2848,basketball hoop,0
2849,soccer net,1
2850,baseball net,0
2851,,1
2852,,1
2853,,0
2854,,1
2855,,1
2856,baseball net,0
2857,pool,0
2858,hot tub,0
2859,sauna,1
2860,basketball hoop,1
2861,,1
2862,,1
2863,,0
2864,,1
2865,,0
2866,,0
2867,,0
2868,,0
2869,,0
2870,,1
2103,,0
2086,,0
2873,,1
2874,,0
2875,,1
2876,,0
2877,,0
2878,,0
2879,,0
2880,,1
2881,,1
2882,,0
2883,,0
2884,,1
2885,,0
2886,,1
2887,,0
2888,,0
2889,,1
2890,,0
2891,soccer net,0
2892,baseball net,0
2893,pool,0
2894,hot tub,1
2895,sauna,1
2896,basketball hoop,0
2897,soccer net,0
2898,baseball net,0
2899,pool,1
2900,hot tub,1
2901,sauna,1
2902,basketball hoop,0
2903,soccer net,1
2904,baseball net,1
2905,pool,1
2906,hot tub,1
2907,sauna,1
2908,basketball hoop,1
2909,,0
2910,,0
2911,,0
2912,hot tub,0
2913,sauna,0
2914,basketball hoop,0
2915,soccer net,0
2916,baseball net,1
2917,pool,1
2918,hot tub,0
2919,sauna,0
